{
  "Q1" : {
    "transaction" : "Q1",
    "sampleCount" : 1,
    "errorCount" : 0,
    "errorPct" : 0.0,
    "meanResTime" : 145475.0,
    "medianResTime" : 145475.0,
    "minResTime" : 145475.0,
    "maxResTime" : 145475.0,
    "pct1ResTime" : 145475.0,
    "pct2ResTime" : 145475.0,
    "pct3ResTime" : 145475.0,
    "throughput" : 0.006874033339061694,
    "receivedKBytesPerSec" : 0.004417103454201753,
    "sentKBytesPerSec" : 0.0
  },
  "Q2" : {
    "transaction" : "Q2",
    "sampleCount" : 1,
    "errorCount" : 0,
    "errorPct" : 0.0,
    "meanResTime" : 28049.0,
    "medianResTime" : 28049.0,
    "minResTime" : 28049.0,
    "maxResTime" : 28049.0,
    "pct1ResTime" : 28049.0,
    "pct2ResTime" : 28049.0,
    "pct3ResTime" : 28049.0,
    "throughput" : 0.03565189489821384,
    "receivedKBytesPerSec" : 0.6807980008199936,
    "sentKBytesPerSec" : 0.0
  },
  "Q3" : {
    "transaction" : "Q3",
    "sampleCount" : 1,
    "errorCount" : 0,
    "errorPct" : 0.0,
    "meanResTime" : 39293.0,
    "medianResTime" : 39293.0,
    "minResTime" : 39293.0,
    "maxResTime" : 39293.0,
    "pct1ResTime" : 39293.0,
    "pct2ResTime" : 39293.0,
    "pct3ResTime" : 39293.0,
    "throughput" : 0.02544982566869417,
    "receivedKBytesPerSec" : 0.009593391316519482,
    "sentKBytesPerSec" : 0.0
  },
  "Q4" : {
    "transaction" : "Q4",
    "sampleCount" : 1,
    "errorCount" : 0,
    "errorPct" : 0.0,
    "meanResTime" : 2051.0,
    "medianResTime" : 2051.0,
    "minResTime" : 2051.0,
    "maxResTime" : 2051.0,
    "pct1ResTime" : 2051.0,
    "pct2ResTime" : 2051.0,
    "pct3ResTime" : 2051.0,
    "throughput" : 0.4875670404680643,
    "receivedKBytesPerSec" : 0.06570727693807898,
    "sentKBytesPerSec" : 0.0
  },
  "Q5" : {
    "transaction" : "Q5",
    "sampleCount" : 1,
    "errorCount" : 0,
    "errorPct" : 0.0,
    "meanResTime" : 2532.0,
    "medianResTime" : 2532.0,
    "minResTime" : 2532.0,
    "maxResTime" : 2532.0,
    "pct1ResTime" : 2532.0,
    "pct2ResTime" : 2532.0,
    "pct3ResTime" : 2532.0,
    "throughput" : 0.3949447077409163,
    "receivedKBytesPerSec" : 0.0829229610979463,
    "sentKBytesPerSec" : 0.0
  },
  "Q6" : {
    "transaction" : "Q6",
    "sampleCount" : 1,
    "errorCount" : 0,
    "errorPct" : 0.0,
    "meanResTime" : 138980.0,
    "medianResTime" : 138980.0,
    "minResTime" : 138980.0,
    "maxResTime" : 138980.0,
    "pct1ResTime" : 138980.0,
    "pct2ResTime" : 138980.0,
    "pct3ResTime" : 138980.0,
    "throughput" : 0.00719527989638797,
    "receivedKBytesPerSec" : 1.6161273204777667E-4,
    "sentKBytesPerSec" : 0.0
  },
  "Q7" : {
    "transaction" : "Q7",
    "sampleCount" : 1,
    "errorCount" : 0,
    "errorPct" : 0.0,
    "meanResTime" : 17247.0,
    "medianResTime" : 17247.0,
    "minResTime" : 17247.0,
    "maxResTime" : 17247.0,
    "pct1ResTime" : 17247.0,
    "pct2ResTime" : 17247.0,
    "pct3ResTime" : 17247.0,
    "throughput" : 0.05798109816199919,
    "receivedKBytesPerSec" : 0.01828895967414623,
    "sentKBytesPerSec" : 0.0
  },
  "Q8" : {
    "transaction" : "Q8",
    "sampleCount" : 1,
    "errorCount" : 0,
    "errorPct" : 0.0,
    "meanResTime" : 2940.0,
    "medianResTime" : 2940.0,
    "minResTime" : 2940.0,
    "maxResTime" : 2940.0,
    "pct1ResTime" : 2940.0,
    "pct2ResTime" : 2940.0,
    "pct3ResTime" : 2940.0,
    "throughput" : 0.3401360544217687,
    "receivedKBytesPerSec" : 0.02424798044217687,
    "sentKBytesPerSec" : 0.0
  },
  "Q9" : {
    "transaction" : "Q9",
    "sampleCount" : 1,
    "errorCount" : 0,
    "errorPct" : 0.0,
    "meanResTime" : 142368.0,
    "medianResTime" : 142368.0,
    "minResTime" : 142368.0,
    "maxResTime" : 142368.0,
    "pct1ResTime" : 142368.0,
    "pct2ResTime" : 142368.0,
    "pct3ResTime" : 142368.0,
    "throughput" : 0.007024050348392897,
    "receivedKBytesPerSec" : 0.05418945092998427,
    "sentKBytesPerSec" : 0.0
  },
  "Q11" : {
    "transaction" : "Q11",
    "sampleCount" : 1,
    "errorCount" : 0,
    "errorPct" : 0.0,
    "meanResTime" : 22328.0,
    "medianResTime" : 22328.0,
    "minResTime" : 22328.0,
    "maxResTime" : 22328.0,
    "pct1ResTime" : 22328.0,
    "pct2ResTime" : 22328.0,
    "pct3ResTime" : 22328.0,
    "throughput" : 0.04478681476173414,
    "receivedKBytesPerSec" : 19.832992417032425,
    "sentKBytesPerSec" : 0.0
  },
  "Q22" : {
    "transaction" : "Q22",
    "sampleCount" : 1,
    "errorCount" : 0,
    "errorPct" : 0.0,
    "meanResTime" : 31964.0,
    "medianResTime" : 31964.0,
    "minResTime" : 31964.0,
    "maxResTime" : 31964.0,
    "pct1ResTime" : 31964.0,
    "pct2ResTime" : 31964.0,
    "pct3ResTime" : 31964.0,
    "throughput" : 0.03128519584532599,
    "receivedKBytesPerSec" : 0.00473555210549368,
    "sentKBytesPerSec" : 0.0
  },
  "Q10" : {
    "transaction" : "Q10",
    "sampleCount" : 1,
    "errorCount" : 0,
    "errorPct" : 0.0,
    "meanResTime" : 22552.0,
    "medianResTime" : 22552.0,
    "minResTime" : 22552.0,
    "maxResTime" : 22552.0,
    "pct1ResTime" : 22552.0,
    "pct2ResTime" : 22552.0,
    "pct3ResTime" : 22552.0,
    "throughput" : 0.044341965235899256,
    "receivedKBytesPerSec" : 0.171911720689961,
    "sentKBytesPerSec" : 0.0
  },
  "Q21" : {
    "transaction" : "Q21",
    "sampleCount" : 1,
    "errorCount" : 0,
    "errorPct" : 0.0,
    "meanResTime" : 10140.0,
    "medianResTime" : 10140.0,
    "minResTime" : 10140.0,
    "maxResTime" : 10140.0,
    "pct1ResTime" : 10140.0,
    "pct2ResTime" : 10140.0,
    "pct3ResTime" : 10140.0,
    "throughput" : 0.09861932938856015,
    "receivedKBytesPerSec" : 0.280737641765286,
    "sentKBytesPerSec" : 0.0
  },
  "Q13" : {
    "transaction" : "Q13",
    "sampleCount" : 1,
    "errorCount" : 0,
    "errorPct" : 0.0,
    "meanResTime" : 39896.0,
    "medianResTime" : 39896.0,
    "minResTime" : 39896.0,
    "maxResTime" : 39896.0,
    "pct1ResTime" : 39896.0,
    "pct2ResTime" : 39896.0,
    "pct3ResTime" : 39896.0,
    "throughput" : 0.025065169440545418,
    "receivedKBytesPerSec" : 0.007637043813916182,
    "sentKBytesPerSec" : 0.0
  },
  "Q12" : {
    "transaction" : "Q12",
    "sampleCount" : 1,
    "errorCount" : 0,
    "errorPct" : 0.0,
    "meanResTime" : 137681.0,
    "medianResTime" : 137681.0,
    "minResTime" : 137681.0,
    "maxResTime" : 137681.0,
    "pct1ResTime" : 137681.0,
    "pct2ResTime" : 137681.0,
    "pct3ResTime" : 137681.0,
    "throughput" : 0.007263166304718879,
    "receivedKBytesPerSec" : 5.958066109339705E-4,
    "sentKBytesPerSec" : 0.0
  },
  "Q15" : {
    "transaction" : "Q15",
    "sampleCount" : 1,
    "errorCount" : 0,
    "errorPct" : 0.0,
    "meanResTime" : 17444.0,
    "medianResTime" : 17444.0,
    "minResTime" : 17444.0,
    "maxResTime" : 17444.0,
    "pct1ResTime" : 17444.0,
    "pct2ResTime" : 17444.0,
    "pct3ResTime" : 17444.0,
    "throughput" : 0.05732630130703967,
    "receivedKBytesPerSec" : 0.01114056050791103,
    "sentKBytesPerSec" : 0.0
  },
  "Q14" : {
    "transaction" : "Q14",
    "sampleCount" : 1,
    "errorCount" : 0,
    "errorPct" : 0.0,
    "meanResTime" : 137422.0,
    "medianResTime" : 137422.0,
    "minResTime" : 137422.0,
    "maxResTime" : 137422.0,
    "pct1ResTime" : 137422.0,
    "pct2ResTime" : 137422.0,
    "pct3ResTime" : 137422.0,
    "throughput" : 0.00727685523424197,
    "receivedKBytesPerSec" : 2.4161433394944042E-4,
    "sentKBytesPerSec" : 0.0
  },
  "Total" : {
    "transaction" : "Total",
    "sampleCount" : 22,
    "errorCount" : 0,
    "errorPct" : 0.0,
    "meanResTime" : 52249.22727272727,
    "medianResTime" : 22440.0,
    "minResTime" : 6.0,
    "maxResTime" : 177288.0,
    "pct1ResTime" : 144542.9,
    "pct2ResTime" : 172516.04999999993,
    "pct3ResTime" : 177288.0,
    "throughput" : 0.01913865608356981,
    "receivedKBytesPerSec" : 1.0075115962857086,
    "sentKBytesPerSec" : 0.0
  },
  "Q16" : {
    "transaction" : "Q16",
    "sampleCount" : 1,
    "errorCount" : 0,
    "errorPct" : 0.0,
    "meanResTime" : 22158.0,
    "medianResTime" : 22158.0,