{
  "Q1" : {
    "transaction" : "Q1",
    "sampleCount" : 1,
    "errorCount" : 0,
    "errorPct" : 0.0,
    "meanResTime" : 144726.0,
    "medianResTime" : 144726.0,
    "minResTime" : 144726.0,
    "maxResTime" : 144726.0,
    "pct1ResTime" : 144726.0,
    "pct2ResTime" : 144726.0,
    "pct3ResTime" : 144726.0,
    "throughput" : 0.0069096085015823,
    "receivedKBytesPerSec" : 0.004439963275430814,
    "sentKBytesPerSec" : 0.0
  },
  "Q2" : {
    "transaction" : "Q2",
    "sampleCount" : 1,
    "errorCount" : 0,
    "errorPct" : 0.0,
    "meanResTime" : 28057.0,
    "medianResTime" : 28057.0,
    "minResTime" : 28057.0,
    "maxResTime" : 28057.0,
    "pct1ResTime" : 28057.0,
    "pct2ResTime" : 28057.0,
    "pct3ResTime" : 28057.0,
    "throughput" : 0.035641729336707416,
    "receivedKBytesPerSec" : 0.680603882275368,
    "sentKBytesPerSec" : 0.0
  },
  "Q3" : {
    "transaction" : "Q3",
    "sampleCount" : 1,
    "errorCount" : 0,
    "errorPct" : 0.0,
    "meanResTime" : 39292.0,
    "medianResTime" : 39292.0,
    "minResTime" : 39292.0,
    "maxResTime" : 39292.0,
    "pct1ResTime" : 39292.0,
    "pct2ResTime" : 39292.0,
    "pct3ResTime" : 39292.0,
    "throughput" : 0.025450473378804846,
    "receivedKBytesPerSec" : 0.009593635472869795,
    "sentKBytesPerSec" : 0.0
  },
  "Q4" : {
    "transaction" : "Q4",
    "sampleCount" : 1,
    "errorCount" : 0,
    "errorPct" : 0.0,
    "meanResTime" : 1879.0,
    "medianResTime" : 1879.0,
    "minResTime" : 1879.0,
    "maxResTime" : 1879.0,
    "pct1ResTime" : 1879.0,
    "pct2ResTime" : 1879.0,
    "pct3ResTime" : 1879.0,
    "throughput" : 0.532197977647685,
    "receivedKBytesPerSec" : 0.06912337014369345,
    "sentKBytesPerSec" : 0.0
  },
  "Q5" : {
    "transaction" : "Q5",
    "sampleCount" : 1,
    "errorCount" : 0,
    "errorPct" : 0.0,
    "meanResTime" : 2205.0,
    "medianResTime" : 2205.0,
    "minResTime" : 2205.0,
    "maxResTime" : 2205.0,
    "pct1ResTime" : 2205.0,
    "pct2ResTime" : 2205.0,
    "pct3ResTime" : 2205.0,
    "throughput" : 0.45351473922902497,
    "receivedKBytesPerSec" : 0.0952203798185941,
    "sentKBytesPerSec" : 0.0
  },
  "Q6" : {
    "transaction" : "Q6",
    "sampleCount" : 1,
    "errorCount" : 0,
    "errorPct" : 0.0,
    "meanResTime" : 139712.0,
    "medianResTime" : 139712.0,
    "minResTime" : 139712.0,
    "maxResTime" : 139712.0,
    "pct1ResTime" : 139712.0,
    "pct2ResTime" : 139712.0,
    "pct3ResTime" : 139712.0,
    "throughput" : 0.007157581310123683,
    "receivedKBytesPerSec" : 1.6076598645785618E-4,
    "sentKBytesPerSec" : 0.0
  },
  "Q7" : {
    "transaction" : "Q7",
    "sampleCount" : 1,
    "errorCount" : 0,
    "errorPct" : 0.0,
    "meanResTime" : 14006.0,
    "medianResTime" : 14006.0,
    "minResTime" : 14006.0,
    "maxResTime" : 14006.0,
    "pct1ResTime" : 14006.0,
    "pct2ResTime" : 14006.0,
    "pct3ResTime" : 14006.0,
    "throughput" : 0.07139797229758674,
    "receivedKBytesPerSec" : 0.022521040089961444,
    "sentKBytesPerSec" : 0.0
  },
  "Q8" : {
    "transaction" : "Q8",
    "sampleCount" : 1,
    "errorCount" : 0,
    "errorPct" : 0.0,
    "meanResTime" : 2943.0,
    "medianResTime" : 2943.0,
    "minResTime" : 2943.0,
    "maxResTime" : 2943.0,
    "pct1ResTime" : 2943.0,
    "pct2ResTime" : 2943.0,
    "pct3ResTime" : 2943.0,
    "throughput" : 0.3397893306150187,
    "receivedKBytesPerSec" : 0.02422326282704723,
    "sentKBytesPerSec" : 0.0
  },
  "Q9" : {
    "transaction" : "Q9",
    "sampleCount" : 1,
    "errorCount" : 0,
    "errorPct" : 0.0,
    "meanResTime" : 448851.0,
    "medianResTime" : 448851.0,
    "minResTime" : 448851.0,
    "maxResTime" : 448851.0,
    "pct1ResTime" : 448851.0,
    "pct2ResTime" : 448851.0,
    "pct3ResTime" : 448851.0,
    "throughput" : 0.00222791082118565,
    "receivedKBytesPerSec" : 0.017187983874381477,
    "sentKBytesPerSec" : 0.0
  },
  "Q11" : {
    "transaction" : "Q11",
    "sampleCount" : 1,
    "errorCount" : 0,
    "errorPct" : 0.0,
    "meanResTime" : 22584.0,
    "medianResTime" : 22584.0,
    "minResTime" : 22584.0,
    "maxResTime" : 22584.0,
    "pct1ResTime" : 22584.0,
    "pct2ResTime" : 22584.0,
    "pct3ResTime" : 22584.0,
    "throughput" : 0.044279135671271695,
    "receivedKBytesPerSec" : 19.60817634996015,
    "sentKBytesPerSec" : 0.0
  },
  "Q22" : {
    "transaction" : "Q22",
    "sampleCount" : 1,
    "errorCount" : 0,
    "errorPct" : 0.0,
    "meanResTime" : 22041.0,
    "medianResTime" : 22041.0,
    "minResTime" : 22041.0,
    "maxResTime" : 22041.0,
    "pct1ResTime" : 22041.0,
    "pct2ResTime" : 22041.0,
    "pct3ResTime" : 22041.0,
    "throughput" : 0.045369992287101306,
    "receivedKBytesPerSec" : 0.006867528129395218,
    "sentKBytesPerSec" : 0.0
  },
  "Q10" : {
    "transaction" : "Q10",
    "sampleCount" : 1,
    "errorCount" : 0,
    "errorPct" : 0.0,
    "meanResTime" : 31628.0,
    "medianResTime" : 31628.0,
    "minResTime" : 31628.0,
    "maxResTime" : 31628.0,
    "pct1ResTime" : 31628.0,
    "pct2ResTime" : 31628.0,
    "pct3ResTime" : 31628.0,
    "throughput" : 0.03161755406601745,
    "receivedKBytesPerSec" : 0.12412360092323257,
    "sentKBytesPerSec" : 0.0
  },
  "Q21" : {
    "transaction" : "Q21",
    "sampleCount" : 1,
    "errorCount" : 0,
    "errorPct" : 0.0,
    "meanResTime" : 21435.0,
    "medianResTime" : 21435.0,
    "minResTime" : 21435.0,
    "maxResTime" : 21435.0,
    "pct1ResTime" : 21435.0,
    "pct2ResTime" : 21435.0,
    "pct3ResTime" : 21435.0,
    "throughput" : 0.046652670865407045,
    "receivedKBytesPerSec" : 0.1328052105201773,
    "sentKBytesPerSec" : 0.0
  },
  "Q13" : {
    "transaction" : "Q13",
    "sampleCount" : 1,
    "errorCount" : 0,
    "errorPct" : 0.0,
    "meanResTime" : 39777.0,
    "medianResTime" : 39777.0,
    "minResTime" : 39777.0,
    "maxResTime" : 39777.0,
    "pct1ResTime" : 39777.0,
    "pct2ResTime" : 39777.0,
    "pct3ResTime" : 39777.0,
    "throughput" : 0.025140156371772634,
    "receivedKBytesPerSec" : 0.007659891394524474,
    "sentKBytesPerSec" : 0.0
  },
  "Q12" : {
    "transaction" : "Q12",
    "sampleCount" : 1,
    "errorCount" : 0,
    "errorPct" : 0.0,
    "meanResTime" : 137669.0,
    "medianResTime" : 137669.0,
    "minResTime" : 137669.0,
    "maxResTime" : 137669.0,
    "pct1ResTime" : 137669.0,
    "pct2ResTime" : 137669.0,
    "pct3ResTime" : 137669.0,
    "throughput" : 0.007263799402915689,
    "receivedKBytesPerSec" : 5.958585447704276E-4,
    "sentKBytesPerSec" : 0.0
  },
  "Q15" : {
    "transaction" : "Q15",
    "sampleCount" : 1,
    "errorCount" : 0,
    "errorPct" : 0.0,
    "meanResTime" : 18355.0,
    "medianResTime" : 18355.0,
    "minResTime" : 18355.0,
    "maxResTime" : 18355.0,
    "pct1ResTime" : 18355.0,
    "pct2ResTime" : 18355.0,
    "pct3ResTime" : 18355.0,
    "throughput" : 0.05448106782892945,
    "receivedKBytesPerSec" : 0.010481221056932716,
    "sentKBytesPerSec" : 0.0
  },
  "Q14" : {
    "transaction" : "Q14",
    "sampleCount" : 1,
    "errorCount" : 0,
    "errorPct" : 0.0,
    "meanResTime" : 137914.0,
    "medianResTime" : 137914.0,
    "minResTime" : 137914.0,
    "maxResTime" : 137914.0,
    "pct1ResTime" : 137914.0,
    "pct2ResTime" : 137914.0,
    "pct3ResTime" : 137914.0,
    "throughput" : 0.007250895485592471,
    "receivedKBytesPerSec" : 2.4075238917006252E-4,
    "sentKBytesPerSec" : 0.0
  },
  "Total" : {
    "transaction" : "Total",
    "sampleCount" : 22,
    "errorCount" : 0,
    "errorPct" : 0.0,
    "meanResTime" : 64886.13636363637,
    "medianResTime" : 25320.5,
    "minResTime" : 5.0,
    "maxResTime" : 448851.0,
    "pct1ResTime" : 143221.8,
    "pct2ResTime" : 403232.24999999936,
    "pct3ResTime" : 448851.0,
    "throughput" : 0.0154114291158323,
    "receivedKBytesPerSec" : 0.8113295139988316,
    "sentKBytesPerSec" : 0.0
  },
  "Q16" : {
    "transaction" : "Q16",
    "sampleCount" : 1,
    "errorCount" : 0,
    "errorPct" : 0.0,
    "meanResTime" : 22084.0,
    "medianResTime" : 22084.0,